<?xml version="1.0" encoding="utf-8"?>
<!DOCTYPE nta PUBLIC '-//Uppaal Team//DTD Flat System 1.1//EN' 'http://www.it.uu.se/research/group/darts/uppaal/flat-1_2.dtd'>
<nta>
	<declaration>clock G;
chan runMe , getData ;</declaration>
	<template>
		<name x="5" y="5">SWC_A</name>
		<declaration>clock x , y ;</declaration>
		<location id="id0" x="-527" y="-187">
			<name x="-595" y="-212">START</name>
			<label kind="invariant" x="-553" y="-238">x &lt;= 10</label>
		</location>
		<location id="id1" x="-527" y="-60">
			<name x="-553" y="-34">TRG</name>
			<label kind="invariant" x="-510" y="-94">y &lt;= 4</label>
		</location>
		<location id="id2" x="-247" y="-187">
			<name x="-257" y="-221">OUT</name>
			<committed/>
		</location>
		<location id="id3" x="-247" y="-60">
			<name x="-264" y="-34">PROC</name>
			<committed/>
		</location>
		<location id="id4" x="-392" y="-187">
			<name x="-425" y="-221">SOURCE</name>
			<committed/>
		</location>
		<init ref="id0"/>
		<transition>
			<source ref="id4"/>
			<target ref="id0"/>
		</transition>
		<transition>
			<source ref="id2"/>
			<target ref="id4"/>
			<label kind="synchronisation" x="-332" y="-212">runMe!</label>
			<label kind="assignment" x="-332" y="-178">G := 0</label>
		</transition>
		<transition>
			<source ref="id3"/>
			<target ref="id2"/>
			<label kind="synchronisation" x="-239" y="-136">getData!</label>
		</transition>
		<transition>
			<source ref="id1"/>
			<target ref="id3"/>
			<label kind="guard" x="-409" y="-43">y &gt;= 4</label>
		</transition>
		<transition>
			<source ref="id0"/>
			<target ref="id1"/>
			<label kind="guard" x="-629" y="-119">x &gt;= 10</label>
			<label kind="assignment" x="-646" y="-145">x := 0 , y := 0</label>
		</transition>
	</template>
	<template>
		<name>SWC_B</name>
		<declaration>clock y;</declaration>
		<location id="id5" x="-425" y="-178">
			<name x="-408" y="-212">START</name>
		</location>
		<location id="id6" x="-425" y="-51">
			<name x="-408" y="-85">TRG</name>
			<label kind="invariant" x="-493" y="-76">y &lt;= 4</label>
		</location>
		<location id="id7" x="-289" y="-51">
			<name x="-272" y="-85">TARGET</name>
			<committed/>
		</location>
		<init ref="id5"/>
		<transition>
			<source ref="id7"/>
			<target ref="id7"/>
			<label kind="synchronisation" x="-289" y="8">getData?</label>
			<nail x="-289" y="0"/>
			<nail x="-238" y="0"/>
			<nail x="-238" y="-51"/>
		</transition>
		<transition>
			<source ref="id7"/>
			<target ref="id5"/>
			<nail x="-289" y="-178"/>
		</transition>
		<transition>
			<source ref="id6"/>
			<target ref="id7"/>
			<label kind="guard" x="-382" y="-42">y &gt;= 4</label>
		</transition>
		<transition>
			<source ref="id6"/>
			<target ref="id6"/>
			<label kind="synchronisation" x="-484" y="8">getData?</label>
			<nail x="-476" y="-51"/>
			<nail x="-476" y="0"/>
			<nail x="-425" y="0"/>
		</transition>
		<transition>
			<source ref="id5"/>
			<target ref="id5"/>
			<label kind="synchronisation" x="-535" y="-238">getData?</label>
			<nail x="-425" y="-237"/>
			<nail x="-467" y="-237"/>
			<nail x="-467" y="-178"/>
		</transition>
		<transition>
			<source ref="id5"/>
			<target ref="id6"/>
			<label kind="synchronisation" x="-493" y="-127">runMe?</label>
			<label kind="assignment" x="-416" y="-127">y := 0</label>
		</transition>
	</template>
	<system>// Place template instantiations here.
A = SWC_A();
B = SWC_B();
// List one or more processes to be composed into a system.
system A,B;
    </system>
	<queries>
		<query>
			<formula>A[] not deadlock</formula>
			<comment></comment>
		</query>
		<query>
			<formula>A.SOURCE --&gt; B.TARGET and G == 4</formula>
			<comment></comment>
		</query>
	</queries>
</nta>
