<?xml version="1.0" encoding="utf-8"?>
<!DOCTYPE nta PUBLIC '-//Uppaal Team//DTD Flat System 1.1//EN' 'http://www.it.uu.se/research/group/darts/uppaal/flat-1_2.dtd'>
<nta>
	<declaration>clock G;
chan runMe , getData ;</declaration>
	<template>
		<name x="5" y="5">SWC_A</name>
		<declaration>clock x , y ;</declaration>
		<location id="id0" x="-110" y="-17">
			<label kind="invariant" x="-153" y="-51">x &lt;= 3</label>
		</location>
		<location id="id1" x="-110" y="110">
			<label kind="invariant" x="-153" y="127">y &lt;= 1</label>
		</location>
		<location id="id2" x="170" y="-17">
			<committed/>
		</location>
		<location id="id3" x="170" y="110">
			<committed/>
		</location>
		<location id="id4" x="25" y="-17">
			<name x="-8" y="-51">SOURCE</name>
			<committed/>
		</location>
		<init ref="id0"/>
		<transition>
			<source ref="id4"/>
			<target ref="id0"/>
		</transition>
		<transition>
			<source ref="id2"/>
			<target ref="id4"/>
			<label kind="synchronisation" x="85" y="-42">runMe!</label>
		</transition>
		<transition>
			<source ref="id3"/>
			<target ref="id2"/>
			<label kind="synchronisation" x="178" y="34">getData!</label>
		</transition>
		<transition>
			<source ref="id1"/>
			<target ref="id3"/>
			<label kind="guard" x="8" y="127">y &gt;= 1</label>
		</transition>
		<transition>
			<source ref="id0"/>
			<target ref="id1"/>
			<label kind="guard" x="-212" y="51">x &gt;= 3</label>
			<label kind="assignment" x="-229" y="25">x := 0 , y := 0</label>
		</transition>
	</template>
	<template>
		<name>SWC_B</name>
		<declaration>clock y;</declaration>
		<location id="id5" x="-425" y="-178">
		</location>
		<location id="id6" x="-425" y="-51">
			<label kind="invariant" x="-493" y="-76">y &lt;= 4</label>
		</location>
		<location id="id7" x="-289" y="-51">
			<name x="-272" y="-85">TARGET</name>
			<committed/>
		</location>
		<init ref="id5"/>
		<transition>
			<source ref="id7"/>
			<target ref="id7"/>
			<label kind="synchronisation" x="-255" y="59">runMe?</label>
			<nail x="-323" y="51"/>
			<nail x="-246" y="59"/>
		</transition>
		<transition>
			<source ref="id6"/>
			<target ref="id6"/>
			<label kind="synchronisation" x="-408" y="42">runMe?</label>
			<nail x="-442" y="50"/>
			<nail x="-391" y="25"/>
		</transition>
		<transition>
			<source ref="id7"/>
			<target ref="id7"/>
			<label kind="synchronisation" x="-178" y="-42">getData?</label>
			<nail x="-144" y="8"/>
			<nail x="-238" y="0"/>
			<nail x="-212" y="-42"/>
		</transition>
		<transition>
			<source ref="id7"/>
			<target ref="id5"/>
			<label kind="assignment" x="-263" y="-170">G := 0</label>
			<nail x="-289" y="-178"/>
		</transition>
		<transition>
			<source ref="id6"/>
			<target ref="id7"/>
			<label kind="guard" x="-382" y="-42">y &gt;= 4</label>
		</transition>
		<transition>
			<source ref="id6"/>
			<target ref="id6"/>
			<label kind="synchronisation" x="-527" y="17">getData?</label>
			<nail x="-510" y="-51"/>
			<nail x="-484" y="17"/>
			<nail x="-544" y="-8"/>
		</transition>
		<transition>
			<source ref="id5"/>
			<target ref="id5"/>
			<label kind="synchronisation" x="-569" y="-221">getData?</label>
			<nail x="-502" y="-204"/>
			<nail x="-502" y="-161"/>
			<nail x="-561" y="-187"/>
		</transition>
		<transition>
			<source ref="id5"/>
			<target ref="id6"/>
			<label kind="synchronisation" x="-493" y="-127">runMe?</label>
			<label kind="assignment" x="-416" y="-127">y := 0</label>
		</transition>
	</template>
	<system>// Place template instantiations here.
A = SWC_A();
B = SWC_B();
// List one or more processes to be composed into a system.
system A,B;
    </system>
	<queries>
		<query>
			<formula>A[] not deadlock</formula>
			<comment></comment>
		</query>
		<query>
			<formula>A.SOURCE --&gt; B.TARGET and G &lt;= 6</formula>
			<comment></comment>
		</query>
	</queries>
</nta>
