<?xml version="1.0" encoding="utf-8"?>
<!DOCTYPE nta PUBLIC '-//Uppaal Team//DTD Flat System 1.1//EN' 'http://www.it.uu.se/research/group/darts/uppaal/flat-1_2.dtd'>
<nta>
	<declaration>// Place global declarations here.
chan triggerOneC, triggerOneD, triggerTwoC, triggerTwoD, getData1, getData2;</declaration>
	<template>
		<name>SWC_C</name>
		<declaration>clock y;</declaration>
		<location id="id0" x="-170" y="-110">
			<name x="-161" y="-136">Start</name>
		</location>
		<location id="id1" x="-170" y="34">
			<name x="-153" y="42">Triggered</name>
			<label kind="invariant" x="-153" y="8">y&lt;=1</label>
		</location>
		<location id="id2" x="-8" y="-110">
			<name x="-68" y="-93">Output</name>
			<committed/>
		</location>
		<location id="id3" x="-8" y="34">
			<name x="-93" y="-17">Processing</name>
			<label kind="invariant" x="-51" y="8">y&lt;=2</label>
		</location>
		<location id="id4" x="-170" y="136">
			<committed/>
		</location>
		<location id="id5" x="-8" y="-204">
			<committed/>
		</location>
		<location id="id6" x="-170" y="-204">
			<committed/>
		</location>
		<location id="id7" x="85" y="34">
			<committed/>
		</location>
		<location id="id8" x="-170" y="-42">
		</location>
		<location id="id9" x="-297" y="-42">
			<committed/>
		</location>
		<init ref="id0"/>
		<transition>
			<source ref="id9"/>
			<target ref="id8"/>
			<nail x="-229" y="-34"/>
		</transition>
		<transition>
			<source ref="id8"/>
			<target ref="id9"/>
			<label kind="synchronisation" x="-297" y="-76">getData1?</label>
			<nail x="-229" y="-59"/>
		</transition>
		<transition>
			<source ref="id8"/>
			<target ref="id1"/>
			<label kind="synchronisation" x="-144" y="-42">triggerTwoC?</label>
			<label kind="assignment" x="-170" y="-17">y := 0</label>
			<nail x="-144" y="-8"/>
		</transition>
		<transition>
			<source ref="id8"/>
			<target ref="id1"/>
			<label kind="synchronisation" x="-297" y="-17">triggerOneC?</label>
			<label kind="assignment" x="-357" y="-17">y := 0</label>
			<nail x="-204" y="0"/>
		</transition>
		<transition>
			<source ref="id0"/>
			<target ref="id8"/>
			<label kind="synchronisation" x="-136" y="-76">triggerTwoC?</label>
			<nail x="-127" y="-85"/>
		</transition>
		<transition>
			<source ref="id0"/>
			<target ref="id8"/>
			<label kind="synchronisation" x="-306" y="-102">triggerOneC?</label>
			<nail x="-221" y="-76"/>
		</transition>
		<transition>
			<source ref="id7"/>
			<target ref="id3"/>
			<nail x="85" y="-25"/>
		</transition>
		<transition>
			<source ref="id3"/>
			<target ref="id7"/>
			<label kind="synchronisation" x="0" y="42">getData1?</label>
		</transition>
		<transition>
			<source ref="id4"/>
			<target ref="id1"/>
			<nail x="-246" y="34"/>
		</transition>
		<transition>
			<source ref="id1"/>
			<target ref="id4"/>
			<label kind="synchronisation" x="-153" y="76">getData1?</label>
			<nail x="-170" y="85"/>
		</transition>
		<transition>
			<source ref="id5"/>
			<target ref="id2"/>
			<nail x="68" y="-204"/>
		</transition>
		<transition>
			<source ref="id2"/>
			<target ref="id5"/>
			<label kind="synchronisation" x="-85" y="-178">getData1?</label>
			<nail x="-8" y="-170"/>
		</transition>
		<transition>
			<source ref="id6"/>
			<target ref="id0"/>
			<nail x="-170" y="-170"/>
		</transition>
		<transition>
			<source ref="id0"/>
			<target ref="id6"/>
			<label kind="synchronisation" x="-314" y="-204">getData1?</label>
			<nail x="-238" y="-204"/>
		</transition>
		<transition>
			<source ref="id2"/>
			<target ref="id0"/>
		</transition>
		<transition>
			<source ref="id3"/>
			<target ref="id2"/>
		</transition>
		<transition>
			<source ref="id1"/>
			<target ref="id3"/>
			<label kind="guard" x="-110" y="17">y&gt;=1</label>
			<label kind="assignment" x="-76" y="34">y:=0</label>
		</transition>
	</template>
	<template>
		<name>SWC_D</name>
		<declaration>clock y;</declaration>
		<location id="id10" x="144" y="42">
			<committed/>
		</location>
		<location id="id11" x="9" y="43">
			<name x="17" y="-8">Processing</name>
			<label kind="invariant" x="-34" y="8">y&lt;=1</label>
		</location>
		<location id="id12" x="-153" y="119">
			<committed/>
		</location>
		<location id="id13" x="-153" y="43">
			<name x="-136" y="25">Triggered</name>
			<label kind="invariant" x="-127" y="8">y&lt;=2</label>
		</location>
		<location id="id14" x="9" y="-101">
			<name x="-51" y="-84">Output</name>
			<committed/>
		</location>
		<location id="id15" x="-153" y="-101">
			<name x="-144" y="-127">Start</name>
		</location>
		<location id="id16" x="8" y="-195">
			<committed/>
		</location>
		<location id="id17" x="-153" y="-195">
			<committed/>
		</location>
		<location id="id18" x="-153" y="-42">
		</location>
		<location id="id19" x="-331" y="-42">
			<committed/>
		</location>
		<init ref="id15"/>
		<transition>
			<source ref="id19"/>
			<target ref="id18"/>
			<nail x="-272" y="-17"/>
		</transition>
		<transition>
			<source ref="id18"/>
			<target ref="id19"/>
			<label kind="synchronisation" x="-289" y="-76">getData2?</label>
			<nail x="-246" y="-59"/>
		</transition>
		<transition>
			<source ref="id18"/>
			<target ref="id13"/>
			<label kind="synchronisation" x="-136" y="-25">triggerTwoD?</label>
			<label kind="assignment" x="-102" y="-42">y := 0</label>
			<nail x="-144" y="-8"/>
		</transition>
		<transition>
			<source ref="id18"/>
			<target ref="id13"/>
			<label kind="synchronisation" x="-280" y="8">triggerOneD?</label>
			<label kind="assignment" x="-246" y="-8">y := 0</label>
			<nail x="-195" y="-8"/>
		</transition>
		<transition>
			<source ref="id15"/>
			<target ref="id18"/>
			<label kind="synchronisation" x="-127" y="-68">triggerTwoD?</label>
			<nail x="-119" y="-76"/>
		</transition>
		<transition>
			<source ref="id15"/>
			<target ref="id18"/>
			<label kind="synchronisation" x="-280" y="-102">triggerOneD?</label>
			<nail x="-204" y="-76"/>
		</transition>
		<transition>
			<source ref="id10"/>
			<target ref="id11"/>
			<nail x="144" y="119"/>
		</transition>
		<transition>
			<source ref="id12"/>
			<target ref="id13"/>
			<nail x="-280" y="119"/>
		</transition>
		<transition>
			<source ref="id11"/>
			<target ref="id10"/>
			<label kind="synchronisation" x="42" y="25">getData2?</label>
		</transition>
		<transition>
			<source ref="id13"/>
			<target ref="id12"/>
			<label kind="synchronisation" x="-144" y="85">getData2?</label>
		</transition>
		<transition>
			<source ref="id16"/>
			<target ref="id14"/>
			<nail x="110" y="-195"/>
		</transition>
		<transition>
			<source ref="id14"/>
			<target ref="id16"/>
			<label kind="synchronisation" x="-68" y="-161">getData2?</label>
			<nail x="9" y="-153"/>
		</transition>
		<transition>
			<source ref="id17"/>
			<target ref="id15"/>
			<nail x="-153" y="-161"/>
		</transition>
		<transition>
			<source ref="id15"/>
			<target ref="id17"/>
			<label kind="synchronisation" x="-289" y="-153">getData2?</label>
			<nail x="-255" y="-195"/>
		</transition>
		<transition>
			<source ref="id14"/>
			<target ref="id15"/>
		</transition>
		<transition>
			<source ref="id11"/>
			<target ref="id14"/>
		</transition>
		<transition>
			<source ref="id13"/>
			<target ref="id11"/>
			<label kind="guard" x="-86" y="41">y&gt;=2</label>
			<label kind="assignment" x="-85" y="59">y:=0</label>
		</transition>
	</template>
	<template>
		<name x="5" y="5">SWC_A</name>
		<declaration>// Place local declarations here.

clock x,y;
</declaration>
		<location id="id20" x="-187" y="-136">
			<name x="-197" y="-170">start</name>
			<label kind="invariant" x="-272" y="-161">x &lt;= 10</label>
		</location>
		<location id="id21" x="-187" y="0">
			<name x="-221" y="34">Triggered</name>
			<label kind="invariant" x="-197" y="17">y &lt;=2</label>
		</location>
		<location id="id22" x="-25" y="0">
			<name x="-59" y="34">Processing</name>
			<label kind="invariant" x="-8" y="-8">y&lt;=3</label>
		</location>
		<location id="id23" x="-25" y="-136">
			<name x="-35" y="-170">output</name>
			<committed/>
		</location>
		<location id="id24" x="-110" y="-204">
			<committed/>
		</location>
		<init ref="id20"/>
		<transition>
			<source ref="id24"/>
			<target ref="id20"/>
			<label kind="synchronisation" x="-221" y="-204">triggerOneD!</label>
			<label kind="assignment" x="-136" y="-178">x := 0</label>
		</transition>
		<transition>
			<source ref="id23"/>
			<target ref="id24"/>
			<label kind="synchronisation" x="-68" y="-204">triggerOneC!</label>
		</transition>
		<transition>
			<source ref="id22"/>
			<target ref="id23"/>
			<label kind="synchronisation" x="-17" y="-85">getData1!</label>
		</transition>
		<transition>
			<source ref="id21"/>
			<target ref="id22"/>
			<label kind="guard" x="-127" y="-25">y &gt;=2</label>
			<label kind="assignment" x="-119" y="8">y:=0</label>
		</transition>
		<transition>
			<source ref="id20"/>
			<target ref="id21"/>
			<label kind="guard" x="-255" y="-85">x == 10</label>
			<label kind="assignment" x="-178" y="-68">y:=0</label>
		</transition>
	</template>
	<template>
		<name>SWC_B</name>
		<declaration>clock x,y;</declaration>
		<location id="id25" x="-178" y="-144">
			<name x="-204" y="-178">Start</name>
			<label kind="invariant" x="-246" y="-152">x&lt;=10</label>
		</location>
		<location id="id26" x="-178" y="0">
			<name x="-212" y="17">Triggered</name>
			<label kind="invariant" x="-237" y="-8">y&lt;=2</label>
		</location>
		<location id="id27" x="0" y="0">
			<name x="-25" y="25">Processing</name>
			<label kind="invariant" x="25" y="-8">y&lt;=1</label>
		</location>
		<location id="id28" x="0" y="-144">
			<name x="-10" y="-178">Output</name>
			<committed/>
		</location>
		<location id="id29" x="-85" y="-238">
			<committed/>
		</location>
		<init ref="id25"/>
		<transition>
			<source ref="id29"/>
			<target ref="id25"/>
			<label kind="synchronisation" x="-212" y="-221">triggerTwoD!</label>
			<label kind="assignment" x="-136" y="-178">x := 0</label>
		</transition>
		<transition>
			<source ref="id28"/>
			<target ref="id29"/>
			<label kind="synchronisation" x="-51" y="-221">triggerTwoC!</label>
		</transition>
		<transition>
			<source ref="id27"/>
			<target ref="id28"/>
			<label kind="synchronisation" x="17" y="-85">getData2!</label>
		</transition>
		<transition>
			<source ref="id26"/>
			<target ref="id27"/>
			<label kind="guard" x="-102" y="-25">y&gt;=2</label>
			<label kind="assignment" x="-102" y="8">y:=0</label>
		</transition>
		<transition>
			<source ref="id25"/>
			<target ref="id26"/>
			<label kind="guard" x="-246" y="-85">x == 10</label>
			<label kind="assignment" x="-170" y="-76">y:=0</label>
		</transition>
	</template>
	<system>// Place template instantiations here.
A = SWC_A();
B = SWC_B();
C = SWC_C();
D = SWC_D();

// List one or more processes to be composed into a system.
system 
        A, B, C, D;
    </system>
	<queries>
		<query>
			<formula>A[] not deadlock</formula>
			<comment></comment>
		</query>
		<query>
			<formula>TC.target --&gt; TC.source</formula>
			<comment></comment>
		</query>
	</queries>
</nta>
