<?xml version="1.0" encoding="utf-8"?>
<!DOCTYPE nta PUBLIC '-//Uppaal Team//DTD Flat System 1.1//EN' 'http://www.it.uu.se/research/group/darts/uppaal/flat-1_2.dtd'>
<nta>
	<declaration>// Place global declarations here.
chan getData1, getData2, getData3, getData4, runMe3, runMe4, tEvent, sEvent;</declaration>
	<template>
		<name>SWC_C</name>
		<declaration>clock y;</declaration>
		<location id="id0" x="-170" y="-110">
			<name x="-161" y="-136">Start</name>
		</location>
		<location id="id1" x="-170" y="34">
			<name x="-153" y="42">Triggered</name>
			<label kind="invariant" x="-161" y="8">y&lt;=1</label>
		</location>
		<location id="id2" x="-8" y="-110">
			<name x="-68" y="-93">Output</name>
			<committed/>
		</location>
		<location id="id3" x="-8" y="34">
			<name x="-93" y="-17">Processing</name>
			<label kind="invariant" x="-51" y="8">y&lt;=2</label>
		</location>
		<location id="id4" x="-255" y="34">
			<committed/>
		</location>
		<location id="id5" x="136" y="34">
			<committed/>
		</location>
		<location id="id6" x="-8" y="-212">
			<committed/>
		</location>
		<location id="id7" x="-170" y="-204">
			<committed/>
		</location>
		<location id="id8" x="-263" y="-110">
			<committed/>
		</location>
		<location id="id9" x="127" y="-110">
			<committed/>
		</location>
		<location id="id10" x="-170" y="119">
			<committed/>
		</location>
		<location id="id11" x="-8" y="119">
			<committed/>
		</location>
		<init ref="id0"/>
		<transition>
			<source ref="id11"/>
			<target ref="id3"/>
			<nail x="-85" y="119"/>
		</transition>
		<transition>
			<source ref="id10"/>
			<target ref="id1"/>
			<nail x="-119" y="119"/>
		</transition>
		<transition>
			<source ref="id3"/>
			<target ref="id11"/>
			<label kind="synchronisation" x="0" y="85">getData1?</label>
		</transition>
		<transition>
			<source ref="id1"/>
			<target ref="id10"/>
			<label kind="synchronisation" x="-246" y="59">getData2?</label>
		</transition>
		<transition>
			<source ref="id9"/>
			<target ref="id2"/>
			<nail x="51" y="-42"/>
		</transition>
		<transition>
			<source ref="id2"/>
			<target ref="id9"/>
			<label kind="synchronisation" x="25" y="-127">getData2?</label>
		</transition>
		<transition>
			<source ref="id8"/>
			<target ref="id0"/>
			<nail x="-263" y="-42"/>
		</transition>
		<transition>
			<source ref="id0"/>
			<target ref="id8"/>
			<label kind="synchronisation" x="-272" y="-144">getData2?</label>
		</transition>
		<transition>
			<source ref="id5"/>
			<target ref="id3"/>
			<nail x="144" y="119"/>
		</transition>
		<transition>
			<source ref="id3"/>
			<target ref="id5"/>
			<label kind="synchronisation" x="25" y="17">getData2?</label>
			<nail x="42" y="34"/>
		</transition>
		<transition>
			<source ref="id4"/>
			<target ref="id1"/>
			<nail x="-246" y="34"/>
		</transition>
		<transition>
			<source ref="id1"/>
			<target ref="id4"/>
			<label kind="synchronisation" x="-272" y="-34">getData1?</label>
			<nail x="-255" y="-17"/>
		</transition>
		<transition>
			<source ref="id6"/>
			<target ref="id2"/>
			<nail x="93" y="-212"/>
		</transition>
		<transition>
			<source ref="id2"/>
			<target ref="id6"/>
			<label kind="synchronisation" x="-85" y="-178">getData1?</label>
			<nail x="-8" y="-170"/>
		</transition>
		<transition>
			<source ref="id7"/>
			<target ref="id0"/>
			<nail x="-170" y="-170"/>
		</transition>
		<transition>
			<source ref="id0"/>
			<target ref="id7"/>
			<label kind="synchronisation" x="-314" y="-204">getData1?</label>
			<nail x="-238" y="-204"/>
		</transition>
		<transition>
			<source ref="id2"/>
			<target ref="id0"/>
			<label kind="synchronisation" x="-110" y="-127">runMe4!</label>
		</transition>
		<transition>
			<source ref="id3"/>
			<target ref="id2"/>
			<label kind="synchronisation" x="0" y="-17">getData3!</label>
		</transition>
		<transition>
			<source ref="id1"/>
			<target ref="id3"/>
			<label kind="guard" x="-110" y="17">y&gt;=1</label>
			<label kind="assignment" x="-76" y="34">y:=0</label>
		</transition>
		<transition>
			<source ref="id0"/>
			<target ref="id1"/>
			<label kind="synchronisation" x="-161" y="-76">runMe3?</label>
			<label kind="assignment" x="-161" y="-42">y:=0</label>
		</transition>
	</template>
	<template>
		<name>SWC_D</name>
		<declaration>clock t,y;</declaration>
		<location id="id12" x="170" y="42">
			<committed/>
		</location>
		<location id="id13" x="9" y="43">
			<name x="-76" y="9">Processing</name>
			<label kind="invariant" x="-8" y="59">y&lt;=1</label>
		</location>
		<location id="id14" x="-280" y="42">
			<committed/>
		</location>
		<location id="id15" x="-153" y="43">
			<name x="-178" y="68">Triggered</name>
			<label kind="invariant" x="-144" y="0">y&lt;=2</label>
		</location>
		<location id="id16" x="9" y="-101">
			<name x="-51" y="-84">Output</name>
			<committed/>
		</location>
		<location id="id17" x="-153" y="-101">
			<name x="-144" y="-127">Start</name>
		</location>
		<location id="id18" x="9" y="-203">
			<committed/>
		</location>
		<location id="id19" x="-153" y="-195">
			<committed/>
		</location>
		<init ref="id17"/>
		<transition>
			<source ref="id12"/>
			<target ref="id13"/>
			<nail x="170" y="127"/>
		</transition>
		<transition>
			<source ref="id14"/>
			<target ref="id15"/>
			<nail x="-280" y="127"/>
		</transition>
		<transition>
			<source ref="id13"/>
			<target ref="id12"/>
			<label kind="synchronisation" x="51" y="17">getData3?</label>
		</transition>
		<transition>
			<source ref="id15"/>
			<target ref="id14"/>
			<label kind="synchronisation" x="-255" y="17">getData3?</label>
		</transition>
		<transition>
			<source ref="id18"/>
			<target ref="id16"/>
			<nail x="110" y="-203"/>
		</transition>
		<transition>
			<source ref="id16"/>
			<target ref="id18"/>
			<label kind="synchronisation" x="-68" y="-178">getData3?</label>
			<nail x="9" y="-153"/>
		</transition>
		<transition>
			<source ref="id19"/>
			<target ref="id17"/>
			<nail x="-153" y="-161"/>
		</transition>
		<transition>
			<source ref="id17"/>
			<target ref="id19"/>
			<label kind="synchronisation" x="-289" y="-136">getData3?</label>
			<nail x="-280" y="-195"/>
		</transition>
		<transition>
			<source ref="id16"/>
			<target ref="id17"/>
			<label kind="synchronisation" x="-119" y="-93">tEvent!</label>
		</transition>
		<transition>
			<source ref="id13"/>
			<target ref="id16"/>
		</transition>
		<transition>
			<source ref="id15"/>
			<target ref="id13"/>
			<label kind="guard" x="-110" y="25">y&gt;=2</label>
			<label kind="assignment" x="-135" y="43">y:=0</label>
		</transition>
		<transition>
			<source ref="id17"/>
			<target ref="id15"/>
			<label kind="synchronisation" x="-144" y="-51">runMe4?</label>
			<label kind="assignment" x="-195" y="-25">y:=0</label>
		</transition>
	</template>
	<template>
		<name x="5" y="5">SWC_A</name>
		<declaration>// Place local declarations here.

clock x,s,y;
</declaration>
		<location id="id20" x="-229" y="-136">
			<name x="-239" y="-170">start</name>
			<label kind="invariant" x="-314" y="-161">x &lt;= 20</label>
		</location>
		<location id="id21" x="-229" y="59">
			<name x="-263" y="93">Triggered</name>
			<label kind="invariant" x="-239" y="76">y &lt;=2</label>
		</location>
		<location id="id22" x="-25" y="59">
			<name x="-59" y="93">Processing</name>
			<label kind="invariant" x="-8" y="51">y&lt;=2</label>
		</location>
		<location id="id23" x="-25" y="-136">
			<name x="-35" y="-170">output</name>
			<committed/>
		</location>
		<init ref="id20"/>
		<transition>
			<source ref="id23"/>
			<target ref="id20"/>
		</transition>
		<transition>
			<source ref="id22"/>
			<target ref="id23"/>
			<label kind="synchronisation" x="-17" y="-42">getData1!</label>
		</transition>
		<transition>
			<source ref="id21"/>
			<target ref="id22"/>
			<label kind="guard" x="-144" y="34">y &gt;=2</label>
			<label kind="assignment" x="-136" y="68">y:=0</label>
		</transition>
		<transition>
			<source ref="id20"/>
			<target ref="id21"/>
			<label kind="guard" x="-306" y="-93">x == 20</label>
			<label kind="assignment" x="-323" y="-68">y:=0 , x:=0</label>
		</transition>
	</template>
	<template>
		<name>SWC_B</name>
		<declaration>clock x,y;</declaration>
		<location id="id24" x="-229" y="-119">
			<name x="-254" y="-161">Start</name>
			<label kind="invariant" x="-297" y="-127">x&lt;=10</label>
		</location>
		<location id="id25" x="-229" y="68">
			<name x="-263" y="85">Triggered</name>
			<label kind="invariant" x="-288" y="60">y&lt;=3</label>
		</location>
		<location id="id26" x="-8" y="68">
			<name x="-33" y="93">Processing</name>
			<label kind="invariant" x="17" y="60">y&lt;=1</label>
		</location>
		<location id="id27" x="-8" y="-119">
			<name x="9" y="-127">Output</name>
			<committed/>
		</location>
		<location id="id28" x="-119" y="-221">
			<committed/>
		</location>
		<init ref="id24"/>
		<transition>
			<source ref="id28"/>
			<target ref="id24"/>
			<label kind="synchronisation" x="-221" y="-212">runMe3!</label>
		</transition>
		<transition>
			<source ref="id27"/>
			<target ref="id28"/>
			<label kind="synchronisation" x="-59" y="-187">sEvent!</label>
		</transition>
		<transition>
			<source ref="id26"/>
			<target ref="id27"/>
			<label kind="synchronisation" x="-8" y="-17">getData2!</label>
		</transition>
		<transition>
			<source ref="id25"/>
			<target ref="id26"/>
			<label kind="guard" x="-144" y="42">y&gt;=3</label>
			<label kind="assignment" x="-136" y="76">y:=0</label>
		</transition>
		<transition>
			<source ref="id24"/>
			<target ref="id25"/>
			<label kind="guard" x="-297" y="-76">x == 10</label>
			<label kind="assignment" x="-323" y="-51">y:=0 , x:=0</label>
		</transition>
	</template>
	<template>
		<name>DelayConstraint</name>
		<declaration>clock x;
int c1 = 1;
int c2 = 1;</declaration>
		<location id="id29" x="-195" y="-119">
			<name x="-220" y="-153">source</name>
		</location>
		<location id="id30" x="35" y="-119">
			<name x="9" y="-153">target</name>
			<label kind="invariant" x="26" y="-102">x &lt;= 5</label>
		</location>
		<location id="id31" x="-348" y="-119">
			<committed/>
		</location>
		<location id="id32" x="204" y="-119">
			<committed/>
		</location>
		<location id="id33" x="-76" y="17">
			<name x="-93" y="34">order</name>
			<committed/>
		</location>
		<init ref="id29"/>
		<transition>
			<source ref="id33"/>
			<target ref="id29"/>
			<label kind="assignment" x="-237" y="-34">c1 := 1, c2 := 1</label>
		</transition>
		<transition>
			<source ref="id30"/>
			<target ref="id33"/>
			<label kind="guard" x="-8" y="-59">x &gt;=0</label>
			<label kind="synchronisation" x="-25" y="-34">tEvent?</label>
		</transition>
		<transition>
			<source ref="id32"/>
			<target ref="id30"/>
			<label kind="assignment" x="162" y="-51">c1 := c1 + 1</label>
			<nail x="204" y="-59"/>
		</transition>
		<transition>
			<source ref="id30"/>
			<target ref="id32"/>
			<label kind="synchronisation" x="94" y="-136">sEvent!</label>
		</transition>
		<transition>
			<source ref="id31"/>
			<target ref="id29"/>
			<label kind="assignment" x="-331" y="-59">c2 := c2 +1</label>
			<nail x="-348" y="-59"/>
		</transition>
		<transition>
			<source ref="id29"/>
			<target ref="id31"/>
			<label kind="synchronisation" x="-288" y="-136">tEvent?</label>
		</transition>
		<transition>
			<source ref="id29"/>
			<target ref="id30"/>
			<label kind="synchronisation" x="-127" y="-136">sEvent?</label>
			<label kind="assignment" x="-93" y="-119">x:=0</label>
		</transition>
	</template>
	<system>// Place template instantiations here.
A = SWC_A();
B = SWC_B();
C = SWC_C();
D = SWC_D();
TC = DelayConstraint();
// List one or more processes to be composed into a system.
system 
        A, B, C, D, TC;
    </system>
	<queries>
		<query>
			<formula>A[] not deadlock</formula>
			<comment></comment>
		</query>
		<query>
			<formula>TC.target --&gt; TC.source</formula>
			<comment></comment>
		</query>
		<query>
			<formula>A[] TC.target imply TC.c1 == TC.c2</formula>
			<comment></comment>
		</query>
		<query>
			<formula>A[] TC.order imply TC.x&gt;0</formula>
			<comment></comment>
		</query>
	</queries>
</nta>
