<?xml version="1.0" encoding="utf-8"?>
<!DOCTYPE nta PUBLIC '-//Uppaal Team//DTD Flat System 1.1//EN' 'http://www.it.uu.se/research/group/darts/uppaal/flat-1_2.dtd'>
<nta>
	<declaration>// Place global declarations here.

chan s1, s2, s3;
const int min1 = 0;
const int min2 = 10;
const int min3 = 20;
const int max1 = 13;
const int max2 = 26;
const int max3 = 39;</declaration>
	<template>
		<name x="5" y="5">SWC_A</name>
		<declaration>// Place local declarations here.
clock x,y;</declaration>
		<location id="id0" x="-85" y="-85">
			<label kind="invariant" x="-153" y="-110">x &lt;= 10</label>
		</location>
		<location id="id1" x="-85" y="102">
			<label kind="invariant" x="-153" y="119">y &lt;= 3</label>
		</location>
		<location id="id2" x="204" y="-85">
			<committed/>
		</location>
		<location id="id3" x="204" y="102">
			<committed/>
		</location>
		<init ref="id0"/>
		<transition>
			<source ref="id2"/>
			<target ref="id0"/>
		</transition>
		<transition>
			<source ref="id3"/>
			<target ref="id2"/>
		</transition>
		<transition>
			<source ref="id1"/>
			<target ref="id3"/>
			<label kind="synchronisation" x="59" y="76">s1!</label>
		</transition>
		<transition>
			<source ref="id0"/>
			<target ref="id1"/>
			<label kind="guard" x="-153" y="-34">x == 10</label>
			<label kind="assignment" x="-187" y="25">y := 0, x := 0</label>
		</transition>
	</template>
	<template>
		<name>O1</name>
		<declaration>clock t;</declaration>
		<location id="id4" x="-416" y="-25">
		</location>
		<location id="id5" x="-416" y="-195">
		</location>
		<location id="id6" x="-187" y="-195">
			<committed/>
		</location>
		<location id="id7" x="-93" y="-195">
		</location>
		<location id="id8" x="161" y="-195">
			<committed/>
		</location>
		<location id="id9" x="25" y="-34">
		</location>
		<location id="id10" x="-229" y="-34">
			<committed/>
		</location>
		<init ref="id4"/>
		<transition>
			<source ref="id10"/>
			<target ref="id5"/>
			<label kind="synchronisation" x="-314" y="-136">s2!</label>
			<label kind="assignment" x="-357" y="-110">t :=0</label>
		</transition>
		<transition>
			<source ref="id9"/>
			<target ref="id10"/>
			<label kind="guard" x="-187" y="-59">t &gt;= min3 and t &lt;= max3</label>
			<label kind="synchronisation" x="-110" y="-34">s1?</label>
		</transition>
		<transition>
			<source ref="id8"/>
			<target ref="id9"/>
			<label kind="synchronisation" x="178" y="-102">s2!</label>
			<nail x="161" y="-34"/>
		</transition>
		<transition>
			<source ref="id7"/>
			<target ref="id8"/>
			<label kind="guard" x="-59" y="-221">t &gt;= min2 and t &lt;= max2</label>
			<label kind="synchronisation" x="0" y="-187">s1?</label>
		</transition>
		<transition>
			<source ref="id6"/>
			<target ref="id7"/>
			<label kind="synchronisation" x="-153" y="-221">s2!</label>
		</transition>
		<transition>
			<source ref="id5"/>
			<target ref="id6"/>
			<label kind="guard" x="-391" y="-221">t &gt;= min1 and t&lt;= max1</label>
			<label kind="synchronisation" x="-314" y="-195">s1?</label>
		</transition>
		<transition>
			<source ref="id4"/>
			<target ref="id5"/>
			<label kind="synchronisation" x="-450" y="-144">s1?</label>
			<label kind="assignment" x="-467" y="-119">t := 0</label>
		</transition>
	</template>
	<template>
		<name>O2</name>
		<declaration>clock t;</declaration>
		<location id="id11" x="-229" y="-34">
			<committed/>
		</location>
		<location id="id12" x="-416" y="-195">
		</location>
		<location id="id13" x="25" y="-34">
		</location>
		<location id="id14" x="161" y="-195">
			<committed/>
		</location>
		<location id="id15" x="-93" y="-195">
		</location>
		<location id="id16" x="-187" y="-195">
			<committed/>
		</location>
		<location id="id17" x="-416" y="-25">
		</location>
		<init ref="id17"/>
		<transition>
			<source ref="id11"/>
			<target ref="id12"/>
			<label kind="synchronisation" x="-314" y="-136">s3!</label>
			<label kind="assignment" x="-357" y="-110">t :=0</label>
		</transition>
		<transition>
			<source ref="id13"/>
			<target ref="id11"/>
			<label kind="guard" x="-187" y="-59">t &gt;= min3 and t &lt;= max3</label>
			<label kind="synchronisation" x="-110" y="-34">s2?</label>
		</transition>
		<transition>
			<source ref="id14"/>
			<target ref="id13"/>
			<label kind="synchronisation" x="178" y="-102">s3!</label>
			<nail x="161" y="-34"/>
		</transition>
		<transition>
			<source ref="id15"/>
			<target ref="id14"/>
			<label kind="guard" x="-59" y="-221">t &gt;= min2 and t &lt;= max2</label>
			<label kind="synchronisation" x="0" y="-187">s2?</label>
		</transition>
		<transition>
			<source ref="id16"/>
			<target ref="id15"/>
			<label kind="synchronisation" x="-153" y="-221">s3!</label>
		</transition>
		<transition>
			<source ref="id12"/>
			<target ref="id16"/>
			<label kind="guard" x="-391" y="-221">t &gt;= min1 and t&lt;= max1</label>
			<label kind="synchronisation" x="-314" y="-195">s2?</label>
		</transition>
		<transition>
			<source ref="id17"/>
			<target ref="id12"/>
			<label kind="synchronisation" x="-450" y="-144">s2?</label>
			<label kind="assignment" x="-467" y="-119">t := 0</label>
		</transition>
	</template>
	<template>
		<name>O3</name>
		<declaration>clock t;</declaration>
		<location id="id18" x="-229" y="-34">
			<committed/>
		</location>
		<location id="id19" x="-416" y="-195">
		</location>
		<location id="id20" x="25" y="-34">
		</location>
		<location id="id21" x="-187" y="-195">
		</location>
		<location id="id22" x="-416" y="-25">
		</location>
		<init ref="id22"/>
		<transition>
			<source ref="id21"/>
			<target ref="id20"/>
			<label kind="guard" x="-59" y="-170">t &gt;= min2 and t&lt;= max2</label>
			<label kind="synchronisation" x="-169" y="-131">s3?</label>
		</transition>
		<transition>
			<source ref="id18"/>
			<target ref="id19"/>
			<label kind="assignment" x="-357" y="-110">t :=0</label>
		</transition>
		<transition>
			<source ref="id20"/>
			<target ref="id18"/>
			<label kind="guard" x="-187" y="-59">t &gt;= min3 and t &lt;= max3</label>
			<label kind="synchronisation" x="-110" y="-34">s3?</label>
		</transition>
		<transition>
			<source ref="id19"/>
			<target ref="id21"/>
			<label kind="guard" x="-391" y="-221">t &gt;= min1 and t&lt;= max1</label>
			<label kind="synchronisation" x="-314" y="-195">s3?</label>
		</transition>
		<transition>
			<source ref="id22"/>
			<target ref="id19"/>
			<label kind="synchronisation" x="-450" y="-144">s3?</label>
			<label kind="assignment" x="-467" y="-119">t := 0</label>
		</transition>
	</template>
	<system>// Place template instantiations here.
A = SWC_A();
o1 = O1();
o2 = O2();
o3 = O3();
// List one or more processes to be composed into a system.
system A, o1, o2, o3;
    </system>
	<queries>
		<query>
			<formula>A[] not deadlock</formula>
			<comment></comment>
		</query>
	</queries>
</nta>
