<?xml version="1.0" encoding="utf-8"?>
<!DOCTYPE nta PUBLIC '-//Uppaal Team//DTD Flat System 1.1//EN' 'http://www.it.uu.se/research/group/darts/uppaal/flat-1_2.dtd'>
<nta>
	<declaration>// Place global declarations here.

chan s2, s3;</declaration>
	<template>
		<name x="5" y="5">SWC_A</name>
		<declaration>clock x, y;</declaration>
		<location id="id0" x="0" y="0">
			<name x="-10" y="-34">start</name>
			<label kind="invariant" x="-68" y="-17">x &lt;= 10</label>
		</location>
		<location id="id1" x="0" y="136">
			<name x="-51" y="153">Triggered</name>
			<label kind="invariant" x="17" y="110">y &lt;=1</label>
		</location>
		<location id="id2" x="314" y="0">
			<name x="297" y="-34">Output</name>
			<committed/>
		</location>
		<location id="id3" x="314" y="136">
			<name x="280" y="153">Processing</name>
			<committed/>
		</location>
		<location id="id4" x="-212" y="68">
			<committed/>
		</location>
		<init ref="id0"/>
		<transition>
			<source ref="id4"/>
			<target ref="id1"/>
			<label kind="assignment" x="-127" y="110">y := 0</label>
		</transition>
		<transition>
			<source ref="id0"/>
			<target ref="id4"/>
			<label kind="guard" x="-204" y="17">x == 10</label>
			<label kind="synchronisation" x="-136" y="42">s3!</label>
			<label kind="assignment" x="-194" y="34">x := 0</label>
		</transition>
		<transition>
			<source ref="id2"/>
			<target ref="id0"/>
		</transition>
		<transition>
			<source ref="id3"/>
			<target ref="id2"/>
		</transition>
		<transition>
			<source ref="id1"/>
			<target ref="id3"/>
			<label kind="guard" x="127" y="136">y &gt;= 1</label>
			<label kind="synchronisation" x="144" y="110">s2!</label>
		</transition>
	</template>
	<template>
		<name>MIT</name>
		<declaration>clock t;</declaration>
		<location id="id5" x="-187" y="0">
		</location>
		<location id="id6" x="-51" y="-93">
		</location>
		<location id="id7" x="85" y="0">
			<committed/>
		</location>
		<init ref="id5"/>
		<transition>
			<source ref="id5"/>
			<target ref="id6"/>
			<label kind="synchronisation" x="-153" y="-68">s2?</label>
			<label kind="assignment" x="-119" y="-42">t := 0</label>
		</transition>
		<transition>
			<source ref="id7"/>
			<target ref="id5"/>
			<nail x="85" y="51"/>
			<nail x="-187" y="51"/>
		</transition>
		<transition>
			<source ref="id6"/>
			<target ref="id7"/>
			<label kind="guard" x="-25" y="-34">t &gt; 9</label>
			<label kind="synchronisation" x="15" y="-72">s2?</label>
		</transition>
	</template>
	<template>
		<name>Max</name>
		<declaration>clock t;
int c;</declaration>
		<location id="id8" x="-816" y="-136">
		</location>
		<location id="id9" x="-646" y="-136">
			<label kind="invariant" x="-612" y="-136">t &lt;= 30</label>
		</location>
		<location id="id10" x="-816" y="-25">
			<committed/>
		</location>
		<init ref="id8"/>
		<transition>
			<source ref="id10"/>
			<target ref="id8"/>
			<label kind="assignment" x="-926" y="-85">t := 0 , c := 0</label>
		</transition>
		<transition>
			<source ref="id9"/>
			<target ref="id10"/>
			<label kind="guard" x="-637" y="-42">t == 30 and c &lt;= 4</label>
			<nail x="-646" y="-25"/>
		</transition>
		<transition>
			<source ref="id9"/>
			<target ref="id9"/>
			<label kind="guard" x="-671" y="-229">c &lt;= 4</label>
			<label kind="synchronisation" x="-731" y="-212">s3?</label>
			<label kind="assignment" x="-603" y="-221">c := c+1</label>
			<nail x="-604" y="-212"/>
			<nail x="-698" y="-212"/>
		</transition>
		<transition>
			<source ref="id8"/>
			<target ref="id9"/>
			<label kind="synchronisation" x="-798" y="-153">s3?</label>
			<label kind="assignment" x="-782" y="-127">c := c+1</label>
		</transition>
	</template>
	<system>// Place template instantiations here.
A = SWC_A();
M = MIT();
N = Max();
// List one or more processes to be composed into a system.
system A, M, N;
    </system>
	<queries>
		<query>
			<formula>A[] not deadlock</formula>
			<comment></comment>
		</query>
	</queries>
</nta>
