<?xml version="1.0" encoding="utf-8"?>
<!DOCTYPE nta PUBLIC '-//Uppaal Team//DTD Flat System 1.1//EN' 'http://www.it.uu.se/research/group/darts/uppaal/flat-1_2.dtd'>
<nta>
	<declaration>// Place global declarations here.

chan runMe1, runMe2, s1, s2;</declaration>
	<template>
		<name x="5" y="5">SWC_A</name>
		<declaration>// Place local declarations here.
clock x,y;</declaration>
		<location id="id0" x="-204" y="-76">
			<label kind="invariant" x="-255" y="-110">x &lt;= 10</label>
		</location>
		<location id="id1" x="-204" y="59">
			<label kind="invariant" x="-214" y="76">y &lt;= 2</label>
		</location>
		<location id="id2" x="76" y="59">
			<committed/>
		</location>
		<location id="id3" x="76" y="-68">
			<committed/>
		</location>
		<location id="id4" x="-76" y="-170">
			<committed/>
		</location>
		<init ref="id0"/>
		<transition>
			<source ref="id4"/>
			<target ref="id0"/>
			<label kind="synchronisation" x="-187" y="-153">runMe2!</label>
		</transition>
		<transition>
			<source ref="id3"/>
			<target ref="id4"/>
			<label kind="synchronisation" x="-17" y="-153">runMe1!</label>
		</transition>
		<transition>
			<source ref="id2"/>
			<target ref="id3"/>
		</transition>
		<transition>
			<source ref="id1"/>
			<target ref="id2"/>
			<label kind="guard" x="-59" y="34">y == 2</label>
		</transition>
		<transition>
			<source ref="id0"/>
			<target ref="id1"/>
			<label kind="guard" x="-280" y="-42">x == 10</label>
			<label kind="assignment" x="-306" y="0">x := 0, y := 0</label>
		</transition>
	</template>
	<template>
		<name>SWC_B</name>
		<declaration>clock y;</declaration>
		<location id="id5" x="-204" y="-76">
		</location>
		<location id="id6" x="76" y="-76">
			<committed/>
		</location>
		<location id="id7" x="76" y="59">
			<committed/>
		</location>
		<location id="id8" x="-204" y="59">
			<label kind="invariant" x="-214" y="76">y &lt;= 2</label>
		</location>
		<init ref="id5"/>
		<transition>
			<source ref="id6"/>
			<target ref="id5"/>
			<label kind="synchronisation" x="-76" y="-102">s1!</label>
		</transition>
		<transition>
			<source ref="id7"/>
			<target ref="id6"/>
		</transition>
		<transition>
			<source ref="id8"/>
			<target ref="id7"/>
			<label kind="guard" x="-93" y="34">y == 2</label>
		</transition>
		<transition>
			<source ref="id5"/>
			<target ref="id8"/>
			<label kind="synchronisation" x="-204" y="-25">runMe1?</label>
			<label kind="assignment" x="-255" y="-8">y := 0</label>
		</transition>
	</template>
	<template>
		<name>SWC_C</name>
		<declaration>clock y;</declaration>
		<location id="id9" x="-102" y="-144">
			<committed/>
		</location>
		<location id="id10" x="-382" y="-144">
		</location>
		<location id="id11" x="-102" y="-9">
			<committed/>
		</location>
		<location id="id12" x="-382" y="-9">
			<label kind="invariant" x="-392" y="8">y &lt;= 3</label>
		</location>
		<init ref="id10"/>
		<transition>
			<source ref="id9"/>
			<target ref="id10"/>
			<label kind="synchronisation" x="-254" y="-170">s2!</label>
		</transition>
		<transition>
			<source ref="id11"/>
			<target ref="id9"/>
		</transition>
		<transition>
			<source ref="id12"/>
			<target ref="id11"/>
		</transition>
		<transition>
			<source ref="id10"/>
			<target ref="id12"/>
			<label kind="synchronisation" x="-382" y="-93">runMe2?</label>
			<label kind="assignment" x="-433" y="-76">y := 0</label>
		</transition>
	</template>
	<template>
		<name>OutSynch</name>
		<declaration>clock t;</declaration>
		<location id="id13" x="-433" y="-127">
		</location>
		<location id="id14" x="-297" y="-170">
		</location>
		<location id="id15" x="-161" y="-127">
			<committed/>
		</location>
		<location id="id16" x="-306" y="-238">
		</location>
		<init ref="id13"/>
		<transition>
			<source ref="id16"/>
			<target ref="id15"/>
			<label kind="synchronisation" x="-288" y="-255">s1?</label>
			<nail x="-161" y="-238"/>
		</transition>
		<transition>
			<source ref="id13"/>
			<target ref="id16"/>
			<label kind="synchronisation" x="-415" y="-255">s2?</label>
			<label kind="assignment" x="-415" y="-238">t := 0</label>
			<nail x="-433" y="-238"/>
		</transition>
		<transition>
			<source ref="id15"/>
			<target ref="id13"/>
			<label kind="guard" x="-314" y="-42">t &lt;= 3</label>
			<nail x="-161" y="-51"/>
			<nail x="-433" y="-51"/>
		</transition>
		<transition>
			<source ref="id14"/>
			<target ref="id15"/>
			<label kind="synchronisation" x="-263" y="-144">s2?</label>
		</transition>
		<transition>
			<source ref="id13"/>
			<target ref="id14"/>
			<label kind="synchronisation" x="-374" y="-170">s1?</label>
			<label kind="assignment" x="-391" y="-136">t := 0</label>
		</transition>
	</template>
	<system>// Place template instantiations here.
A = SWC_A();
B = SWC_B();
C = SWC_C();
O = OutSynch();
// List one or more processes to be composed into a system.
system A, B, C, O;
    </system>
	<queries>
		<query>
			<formula>A[] not deadlock</formula>
			<comment></comment>
		</query>
	</queries>
</nta>
