<?xml version="1.0" encoding="utf-8"?>
<!DOCTYPE nta PUBLIC '-//Uppaal Team//DTD Flat System 1.1//EN' 'http://www.it.uu.se/research/group/darts/uppaal/flat-1_2.dtd'>
<nta>
	<declaration>// Place global declarations here.

chan s2, s3, s4;
const int jitter = 5;
const int offset1 = 10;
const int offset2 = 20;
const int offset3 = 30;
const int period = 45;</declaration>
	<template>
		<name x="5" y="5">SWC_A</name>
		<declaration>clock x, y;</declaration>
		<location id="id0" x="-51" y="-25">
			<name x="-68" y="-59">start</name>
			<label kind="invariant" x="-127" y="-33">x &lt;= 10</label>
		</location>
		<location id="id1" x="-51" y="144">
			<name x="-102" y="161">Triggered</name>
			<label kind="invariant" x="-34" y="118">y &lt;= jitter</label>
		</location>
		<location id="id2" x="323" y="-25">
			<name x="306" y="-59">Output</name>
			<committed/>
		</location>
		<location id="id3" x="323" y="153">
			<name x="331" y="170">Processing</name>
			<committed/>
		</location>
		<location id="id4" x="153" y="272">
			<committed/>
		</location>
		<init ref="id0"/>
		<transition>
			<source ref="id4"/>
			<target ref="id3"/>
			<label kind="synchronisation" x="246" y="229">s3!</label>
		</transition>
		<transition>
			<source ref="id1"/>
			<target ref="id4"/>
			<label kind="guard" x="-34" y="212">y == jitter</label>
			<label kind="synchronisation" x="34" y="229">s2!</label>
		</transition>
		<transition>
			<source ref="id0"/>
			<target ref="id1"/>
			<label kind="guard" x="-119" y="34">x == 10</label>
			<label kind="assignment" x="-170" y="59">y := 0 , x := 0</label>
		</transition>
		<transition>
			<source ref="id2"/>
			<target ref="id0"/>
		</transition>
		<transition>
			<source ref="id3"/>
			<target ref="id2"/>
		</transition>
	</template>
	<template>
		<name>MIT</name>
		<declaration>clock t;</declaration>
		<location id="id5" x="-187" y="0">
		</location>
		<location id="id6" x="-59" y="-93">
		</location>
		<location id="id7" x="85" y="0">
			<committed/>
		</location>
		<init ref="id5"/>
		<transition>
			<source ref="id5"/>
			<target ref="id6"/>
			<label kind="synchronisation" x="-153" y="-68">s2?</label>
			<label kind="assignment" x="-119" y="-42">t := 0</label>
		</transition>
		<transition>
			<source ref="id7"/>
			<target ref="id5"/>
			<nail x="85" y="51"/>
			<nail x="-187" y="51"/>
		</transition>
		<transition>
			<source ref="id6"/>
			<target ref="id7"/>
			<label kind="guard" x="-25" y="-34">t &gt;= 10</label>
			<label kind="synchronisation" x="15" y="-72">s2?</label>
		</transition>
	</template>
	<template>
		<name>periodic</name>
		<declaration>clock t;
int c;</declaration>
		<location id="id8" x="-1275" y="-331">
		</location>
		<location id="id9" x="-977" y="-331">
		</location>
		<location id="id10" x="-977" y="-127">
		</location>
		<location id="id11" x="-1275" y="-127">
			<committed/>
		</location>
		<init ref="id8"/>
		<transition>
			<source ref="id11"/>
			<target ref="id8"/>
			<label kind="synchronisation" x="-1275" y="-246">s4!</label>
			<label kind="assignment" x="-1343" y="-238">t := 0</label>
		</transition>
		<transition>
			<source ref="id10"/>
			<target ref="id11"/>
			<label kind="guard" x="-1283" y="-93">t &gt;= offset3 and t &lt;= offset3 + jitter and t &lt;= period</label>
			<label kind="synchronisation" x="-1207" y="-50">s3?</label>
		</transition>
		<transition>
			<source ref="id9"/>
			<target ref="id10"/>
			<label kind="guard" x="-960" y="-272">t &gt;= offset2 and t &lt;= offset2 + jitter</label>
			<label kind="synchronisation" x="-960" y="-246">s3?</label>
		</transition>
		<transition>
			<source ref="id8"/>
			<target ref="id9"/>
			<label kind="guard" x="-1257" y="-365">t &gt;= offset1 and t &lt;= offset1 + jitter</label>
			<label kind="synchronisation" x="-1139" y="-348">s3?</label>
		</transition>
	</template>
	<template>
		<name>PC</name>
		<declaration>clock t;</declaration>
		<location id="id12" x="-909" y="-348">
		</location>
		<location id="id13" x="-799" y="-416">
		</location>
		<location id="id14" x="-697" y="-348">
			<committed/>
		</location>
		<init ref="id12"/>
		<transition>
			<source ref="id14"/>
			<target ref="id12"/>
			<label kind="guard" x="-833" y="-263">t &lt;= period</label>
			<nail x="-697" y="-272"/>
			<nail x="-909" y="-272"/>
		</transition>
		<transition>
			<source ref="id13"/>
			<target ref="id14"/>
			<label kind="synchronisation" x="-739" y="-416">s4?</label>
		</transition>
		<transition>
			<source ref="id12"/>
			<target ref="id13"/>
			<label kind="synchronisation" x="-892" y="-425">s4?</label>
			<label kind="assignment" x="-909" y="-399">t := 0</label>
		</transition>
	</template>
	<system>// Place template instantiations here.
A = SWC_A();
M = MIT();
N = periodic();
P = PC();
// List one or more processes to be composed into a system.
system A, M, N, P;
    </system>
	<queries>
		<query>
			<formula>A[] not deadlock</formula>
			<comment></comment>
		</query>
	</queries>
</nta>
