<?xml version="1.0" encoding="utf-8"?>
<!DOCTYPE nta PUBLIC '-//Uppaal Team//DTD Flat System 1.1//EN' 'http://www.it.uu.se/research/group/darts/uppaal/flat-1_2.dtd'>
<nta>
	<declaration>// Place global declarations here.

chan getData1, getData2, s1, s2, s3;</declaration>
	<template>
		<name x="5" y="5">SWC_A</name>
		<declaration>clock x;</declaration>
		<location id="id0" x="0" y="0">
			<name x="-10" y="-34">start</name>
			<label kind="invariant" x="-68" y="-17">x &lt;= 8</label>
		</location>
		<location id="id1" x="0" y="170">
			<name x="-51" y="187">Triggered</name>
			<urgent/>
		</location>
		<location id="id2" x="314" y="0">
			<name x="297" y="-34">Output</name>
			<urgent/>
		</location>
		<location id="id3" x="314" y="170">
			<name x="280" y="187">Processing</name>
			<urgent/>
		</location>
		<location id="id4" x="-110" y="68">
			<urgent/>
		</location>
		<init ref="id0"/>
		<transition>
			<source ref="id4"/>
			<target ref="id1"/>
			<label kind="assignment" x="-102" y="127">x := 0</label>
		</transition>
		<transition>
			<source ref="id0"/>
			<target ref="id4"/>
			<label kind="guard" x="-34" y="34">x == 8</label>
			<label kind="synchronisation" x="-59" y="51">s1!</label>
		</transition>
		<transition>
			<source ref="id2"/>
			<target ref="id0"/>
		</transition>
		<transition>
			<source ref="id3"/>
			<target ref="id2"/>
			<label kind="synchronisation" x="323" y="42">getData1!</label>
		</transition>
		<transition>
			<source ref="id1"/>
			<target ref="id3"/>
		</transition>
	</template>
	<template>
		<name>SWC_B</name>
		<declaration>clock x;</declaration>
		<location id="id5" x="-340" y="-127">
			<name x="-348" y="-161">start</name>
			<label kind="invariant" x="-306" y="-153">x &lt;= 16</label>
		</location>
		<location id="id6" x="-340" y="59">
			<name x="-323" y="33">Triggered</name>
			<urgent/>
		</location>
		<location id="id7" x="-25" y="-127">
			<name x="-92" y="-119">Output</name>
			<urgent/>
		</location>
		<location id="id8" x="-25" y="59">
			<name x="-118" y="25">Processing</name>
			<urgent/>
		</location>
		<location id="id9" x="-442" y="-42">
			<urgent/>
		</location>
		<init ref="id5"/>
		<transition>
			<source ref="id9"/>
			<target ref="id6"/>
			<label kind="assignment" x="-442" y="8">x := 0</label>
		</transition>
		<transition>
			<source ref="id5"/>
			<target ref="id9"/>
			<label kind="guard" x="-374" y="-93">x == 16</label>
			<label kind="synchronisation" x="-399" y="-76">s2!</label>
		</transition>
		<transition>
			<source ref="id7"/>
			<target ref="id7"/>
			<label kind="synchronisation" x="-16" y="-204">getData1?</label>
			<nail x="-33" y="-187"/>
			<nail x="35" y="-170"/>
		</transition>
		<transition>
			<source ref="id8"/>
			<target ref="id8"/>
			<label kind="synchronisation" x="60" y="67">getData1?</label>
			<nail x="43" y="50"/>
			<nail x="35" y="109"/>
		</transition>
		<transition>
			<source ref="id6"/>
			<target ref="id6"/>
			<label kind="synchronisation" x="-467" y="84">getData1?</label>
			<nail x="-399" y="58"/>
			<nail x="-374" y="109"/>
		</transition>
		<transition>
			<source ref="id5"/>
			<target ref="id5"/>
			<label kind="synchronisation" x="-459" y="-187">getData1?</label>
			<nail x="-382" y="-170"/>
			<nail x="-399" y="-136"/>
		</transition>
		<transition>
			<source ref="id7"/>
			<target ref="id5"/>
		</transition>
		<transition>
			<source ref="id8"/>
			<target ref="id7"/>
			<label kind="synchronisation" x="-17" y="-85">getData2!</label>
		</transition>
		<transition>
			<source ref="id6"/>
			<target ref="id8"/>
		</transition>
	</template>
	<template>
		<name>SWC_C</name>
		<declaration>clock x;</declaration>
		<location id="id10" x="-501" y="-204">
			<name x="-501" y="-238">start</name>
			<label kind="invariant" x="-484" y="-195">x &lt;= 4</label>
		</location>
		<location id="id11" x="-501" y="-17">
			<name x="-493" y="-51">Triggered</name>
			<urgent/>
		</location>
		<location id="id12" x="-187" y="-204">
			<name x="-246" y="-187">Output</name>
			<urgent/>
		</location>
		<location id="id13" x="-187" y="-17">
			<name x="-272" y="-51">Processing</name>
			<urgent/>
		</location>
		<location id="id14" x="-340" y="-297">
			<urgent/>
		</location>
		<init ref="id10"/>
		<transition>
			<source ref="id14"/>
			<target ref="id10"/>
		</transition>
		<transition>
			<source ref="id12"/>
			<target ref="id14"/>
			<label kind="synchronisation" x="-289" y="-289">s3!</label>
		</transition>
		<transition>
			<source ref="id13"/>
			<target ref="id13"/>
			<label kind="synchronisation" x="-136" y="51">getData2?</label>
			<nail x="-161" y="59"/>
			<nail x="-119" y="26"/>
		</transition>
		<transition>
			<source ref="id12"/>
			<target ref="id12"/>
			<label kind="synchronisation" x="-144" y="-272">getData2?</label>
			<nail x="-136" y="-238"/>
			<nail x="-187" y="-264"/>
		</transition>
		<transition>
			<source ref="id11"/>
			<target ref="id11"/>
			<label kind="synchronisation" x="-646" y="0">getData2?</label>
			<nail x="-561" y="-17"/>
			<nail x="-561" y="26"/>
		</transition>
		<transition>
			<source ref="id10"/>
			<target ref="id10"/>
			<label kind="synchronisation" x="-629" y="-246">getData2?</label>
			<nail x="-535" y="-255"/>
			<nail x="-552" y="-195"/>
		</transition>
		<transition>
			<source ref="id13"/>
			<target ref="id12"/>
		</transition>
		<transition>
			<source ref="id11"/>
			<target ref="id13"/>
		</transition>
		<transition>
			<source ref="id10"/>
			<target ref="id11"/>
			<label kind="guard" x="-561" y="-144">x == 4</label>
			<label kind="assignment" x="-552" y="-110">x := 0</label>
		</transition>
	</template>
	<template>
		<name>Reaction</name>
		<declaration>clock t;</declaration>
		<location id="id15" x="-365" y="-42">
		</location>
		<location id="id16" x="-246" y="-42">
		</location>
		<location id="id17" x="-119" y="-42">
		</location>
		<init ref="id15"/>
		<transition>
			<source ref="id17"/>
			<target ref="id17"/>
			<label kind="synchronisation" x="-25" y="-25">s2?</label>
			<nail x="-34" y="-51"/>
			<nail x="-42" y="17"/>
		</transition>
		<transition>
			<source ref="id17"/>
			<target ref="id17"/>
			<label kind="synchronisation" x="-118" y="-114">s1?</label>
			<nail x="-136" y="-102"/>
			<nail x="-68" y="-93"/>
		</transition>
		<transition>
			<source ref="id16"/>
			<target ref="id16"/>
			<label kind="synchronisation" x="-271" y="-17">s1?</label>
			<nail x="-289" y="0"/>
			<nail x="-212" y="0"/>
		</transition>
		<transition>
			<source ref="id17"/>
			<target ref="id15"/>
			<label kind="guard" x="-229" y="34">t &lt;= 20</label>
			<label kind="synchronisation" x="-272" y="34">s3?</label>
			<nail x="-119" y="25"/>
			<nail x="-365" y="25"/>
		</transition>
		<transition>
			<source ref="id16"/>
			<target ref="id16"/>
			<label kind="synchronisation" x="-255" y="-93">s3?</label>
			<nail x="-204" y="-76"/>
			<nail x="-289" y="-76"/>
		</transition>
		<transition>
			<source ref="id15"/>
			<target ref="id15"/>
			<label kind="synchronisation" x="-467" y="-51">s2?</label>
			<nail x="-433" y="-68"/>
			<nail x="-433" y="-17"/>
		</transition>
		<transition>
			<source ref="id15"/>
			<target ref="id15"/>
			<label kind="synchronisation" x="-382" y="-93">s3?</label>
			<nail x="-408" y="-76"/>
			<nail x="-331" y="-76"/>
		</transition>
		<transition>
			<source ref="id16"/>
			<target ref="id17"/>
			<label kind="guard" x="-204" y="-42">t &lt;= 16</label>
			<label kind="synchronisation" x="-195" y="-59">s2?</label>
		</transition>
		<transition>
			<source ref="id15"/>
			<target ref="id16"/>
			<label kind="synchronisation" x="-323" y="-59">s1?</label>
			<label kind="assignment" x="-347" y="-42">t := 0</label>
		</transition>
	</template>
	<system>// Place template instantiations here.
A = SWC_A();
B = SWC_B();
C = SWC_C();
R = Reaction();
// List one or more processes to be composed into a system.
system A, B, C, R;
    </system>
	<queries>
		<query>
			<formula>A[] not deadlock</formula>
			<comment></comment>
		</query>
	</queries>
</nta>
