<?xml version="1.0" encoding="utf-8"?>
<!DOCTYPE nta PUBLIC '-//Uppaal Team//DTD Flat System 1.1//EN' 'http://www.it.uu.se/research/group/darts/uppaal/flat-1_2.dtd'>
<nta>
	<declaration>// Place global declarations here.

chan s1;</declaration>
	<template>
		<name x="5" y="5">SWC_A</name>
		<declaration>clock x;</declaration>
		<location id="id0" x="-382" y="-161">
			<name x="-392" y="-195">start</name>
			<label kind="invariant" x="-450" y="-178">x &lt;= 10</label>
		</location>
		<location id="id1" x="-382" y="34">
			<name x="-433" y="51">Triggered</name>
			<committed/>
		</location>
		<location id="id2" x="-68" y="-161">
			<name x="-85" y="-195">Output</name>
			<committed/>
		</location>
		<location id="id3" x="-68" y="34">
			<name x="-102" y="51">Processing</name>
			<committed/>
		</location>
		<init ref="id0"/>
		<transition>
			<source ref="id2"/>
			<target ref="id0"/>
		</transition>
		<transition>
			<source ref="id3"/>
			<target ref="id2"/>
		</transition>
		<transition>
			<source ref="id1"/>
			<target ref="id3"/>
		</transition>
		<transition>
			<source ref="id0"/>
			<target ref="id1"/>
			<label kind="guard" x="-441" y="-144">x == 10</label>
			<label kind="synchronisation" x="-416" y="-102">s1!</label>
			<label kind="assignment" x="-433" y="-68">x := 0</label>
		</transition>
	</template>
	<template>
		<name>Reaction</name>
		<declaration>clock t;
int c;</declaration>
		<location id="id4" x="-1955" y="-1547">
		</location>
		<location id="id5" x="-1708" y="-1547">
			<committed/>
		</location>
		<location id="id6" x="-1819" y="-1640">
		</location>
		<init ref="id4"/>
		<transition>
			<source ref="id6"/>
			<target ref="id5"/>
			<label kind="guard" x="-1751" y="-1623">c == 3 and t &lt;= 30</label>
		</transition>
		<transition>
			<source ref="id6"/>
			<target ref="id6"/>
			<label kind="guard" x="-1843" y="-1734">c &lt; 3</label>
			<label kind="synchronisation" x="-1836" y="-1759">s1?</label>
			<label kind="assignment" x="-1853" y="-1717">c := c+1</label>
			<nail x="-1778" y="-1700"/>
			<nail x="-1861" y="-1700"/>
		</transition>
		<transition>
			<source ref="id4"/>
			<target ref="id6"/>
			<label kind="synchronisation" x="-1938" y="-1640">s1?</label>
			<label kind="assignment" x="-1989" y="-1623">t := 0 , c := c+1</label>
		</transition>
		<transition>
			<source ref="id5"/>
			<target ref="id4"/>
			<label kind="assignment" x="-1887" y="-1487">c := 0 , t := 0</label>
			<nail x="-1708" y="-1496"/>
			<nail x="-1955" y="-1496"/>
		</transition>
	</template>
	<system>// Place template instantiations here.
A = SWC_A();
R = Reaction();
// List one or more processes to be composed into a system.
system A, R;
    </system>
	<queries>
		<query>
			<formula>A[] not deadlock</formula>
			<comment></comment>
		</query>
	</queries>
</nta>
