<?xml version="1.0" encoding="utf-8"?>
<!DOCTYPE nta PUBLIC '-//Uppaal Team//DTD Flat System 1.1//EN' 'http://www.it.uu.se/research/group/darts/uppaal/flat-1_2.dtd'>
<nta>
	<declaration>// Place global declarations here.

chan s1;</declaration>
	<template>
		<name x="5" y="5">SWC_A</name>
		<declaration>clock x, y;</declaration>
		<location id="id0" x="-459" y="-178">
			<name x="-469" y="-212">start</name>
			<label kind="invariant" x="-535" y="-204">x &lt;= 10</label>
		</location>
		<location id="id1" x="-459" y="8">
			<name x="-510" y="25">Triggered</name>
			<label kind="invariant" x="-442" y="-18">y &lt;= 1</label>
		</location>
		<location id="id2" x="-68" y="-178">
			<name x="-85" y="-212">Output</name>
			<committed/>
		</location>
		<location id="id3" x="-68" y="8">
			<name x="-102" y="25">Processing</name>
			<committed/>
		</location>
		<init ref="id0"/>
		<transition>
			<source ref="id2"/>
			<target ref="id0"/>
		</transition>
		<transition>
			<source ref="id3"/>
			<target ref="id2"/>
		</transition>
		<transition>
			<source ref="id1"/>
			<target ref="id3"/>
			<label kind="guard" x="-221" y="17">y &gt;= 1</label>
		</transition>
		<transition>
			<source ref="id0"/>
			<target ref="id1"/>
			<label kind="guard" x="-527" y="-153">x == 10</label>
			<label kind="synchronisation" x="-450" y="-110">s1!</label>
			<label kind="assignment" x="-569" y="-85">y := 0 , x:= 0</label>
		</transition>
	</template>
	<template>
		<name>Reaction</name>
		<declaration>clock t;
int c;</declaration>
		<location id="id4" x="-1725" y="-1386">
		</location>
		<location id="id5" x="-1478" y="-1386">
			<committed/>
		</location>
		<location id="id6" x="-1589" y="-1479">
		</location>
		<init ref="id4"/>
		<transition>
			<source ref="id6"/>
			<target ref="id5"/>
			<label kind="guard" x="-1521" y="-1462">c == 3 and t &lt;= 30</label>
		</transition>
		<transition>
			<source ref="id6"/>
			<target ref="id6"/>
			<label kind="guard" x="-1613" y="-1573">c &lt; 3</label>
			<label kind="synchronisation" x="-1606" y="-1598">s1?</label>
			<label kind="assignment" x="-1623" y="-1556">c := c+1</label>
			<nail x="-1548" y="-1539"/>
			<nail x="-1631" y="-1539"/>
		</transition>
		<transition>
			<source ref="id4"/>
			<target ref="id6"/>
			<label kind="synchronisation" x="-1708" y="-1479">s1?</label>
			<label kind="assignment" x="-1759" y="-1462">t := 0 , c := c+1</label>
		</transition>
		<transition>
			<source ref="id5"/>
			<target ref="id4"/>
			<label kind="assignment" x="-1657" y="-1326">c := 0 , t := 0</label>
			<nail x="-1478" y="-1335"/>
			<nail x="-1725" y="-1335"/>
		</transition>
	</template>
	<system>// Place template instantiations here.
A = SWC_A();
R = Reaction();
// List one or more processes to be composed into a system.
system A, R;
    </system>
	<queries>
		<query>
			<formula>A[] not deadlock</formula>
			<comment></comment>
		</query>
	</queries>
</nta>
