<?xml version="1.0" encoding="utf-8"?>
<!DOCTYPE nta PUBLIC '-//Uppaal Team//DTD Flat System 1.1//EN' 'http://www.it.uu.se/research/group/darts/uppaal/flat-1_2.dtd'>
<nta>
	<declaration>// Place global declarations here.

chan s1, s2;</declaration>
	<template>
		<name x="5" y="5">SWC_A</name>
		<declaration>clock x, y;</declaration>
		<location id="id0" x="0" y="0">
			<name x="-10" y="-34">start</name>
			<label kind="invariant" x="-68" y="-17">x &lt;= 10</label>
		</location>
		<location id="id1" x="0" y="212">
			<name x="-51" y="229">Triggered</name>
			<label kind="invariant" x="17" y="186">y &lt;=1</label>
		</location>
		<location id="id2" x="314" y="0">
			<name x="297" y="-34">Output</name>
			<committed/>
		</location>
		<location id="id3" x="314" y="212">
			<name x="280" y="229">Processing</name>
			<committed/>
		</location>
		<init ref="id0"/>
		<transition>
			<source ref="id2"/>
			<target ref="id0"/>
		</transition>
		<transition>
			<source ref="id3"/>
			<target ref="id2"/>
		</transition>
		<transition>
			<source ref="id1"/>
			<target ref="id3"/>
			<label kind="guard" x="127" y="221">y &gt;= 1</label>
			<label kind="synchronisation" x="144" y="-17">s2!</label>
		</transition>
		<transition>
			<source ref="id0"/>
			<target ref="id1"/>
			<label kind="guard" x="-85" y="76">x == 10</label>
			<label kind="synchronisation" x="-59" y="93">s1!</label>
			<label kind="assignment" x="-102" y="59">y := 0 , x:= 0</label>
		</transition>
	</template>
	<template>
		<name>Reaction</name>
		<declaration>clock t;
int c;</declaration>
		<location id="id4" x="-459" y="-136">
		</location>
		<location id="id5" x="-212" y="-136">
			<committed/>
		</location>
		<location id="id6" x="-340" y="-229">
		</location>
		<init ref="id4"/>
		<transition>
			<source ref="id6"/>
			<target ref="id5"/>
			<label kind="synchronisation" x="-322" y="-199">s1?</label>
		</transition>
		<transition>
			<source ref="id4"/>
			<target ref="id6"/>
			<label kind="synchronisation" x="-441" y="-199">s1?</label>
			<label kind="assignment" x="-408" y="-161">t := 0</label>
		</transition>
		<transition>
			<source ref="id5"/>
			<target ref="id4"/>
			<label kind="guard" x="-357" y="-76">t &lt;= 10</label>
			<nail x="-212" y="-85"/>
			<nail x="-459" y="-85"/>
		</transition>
	</template>
	<template>
		<name>MIT</name>
		<declaration>clock t;</declaration>
		<location id="id7" x="-187" y="0">
		</location>
		<location id="id8" x="-59" y="-93">
		</location>
		<location id="id9" x="85" y="0">
			<committed/>
		</location>
		<init ref="id7"/>
		<transition>
			<source ref="id7"/>
			<target ref="id8"/>
			<label kind="synchronisation" x="-153" y="-68">s2?</label>
			<label kind="assignment" x="-119" y="-42">t := 0</label>
		</transition>
		<transition>
			<source ref="id9"/>
			<target ref="id7"/>
			<nail x="85" y="51"/>
			<nail x="-187" y="51"/>
		</transition>
		<transition>
			<source ref="id8"/>
			<target ref="id9"/>
			<label kind="guard" x="-25" y="-34">t &gt; 9</label>
			<label kind="synchronisation" x="15" y="-72">s2?</label>
		</transition>
	</template>
	<system>// Place template instantiations here.
A = SWC_A();
R = Reaction();
M = MIT();
// List one or more processes to be composed into a system.
system A, R, M;
    </system>
	<queries>
		<query>
			<formula>A[] not deadlock</formula>
			<comment></comment>
		</query>
	</queries>
</nta>
