<?xml version="1.0" encoding="utf-8"?>
<!DOCTYPE nta PUBLIC '-//Uppaal Team//DTD Flat System 1.1//EN' 'http://www.it.uu.se/research/group/darts/uppaal/flat-1_2.dtd'>
<nta>
	<declaration>// Place global declarations here.
chan triggerOne, triggerTwo, getData1, getData2, runMe1, runMe2;</declaration>
	<template>
		<name>SWC_C</name>
		<declaration>clock y;</declaration>
		<location id="id0" x="-170" y="-110">
			<name x="-161" y="-136">Start</name>
		</location>
		<location id="id1" x="-170" y="34">
			<name x="-161" y="-17">Triggered</name>
			<label kind="invariant" x="-161" y="0">y&lt;=1</label>
		</location>
		<location id="id2" x="34" y="-110">
			<name x="-25" y="-102">Output</name>
			<committed/>
		</location>
		<location id="id3" x="34" y="34">
			<name x="-51" y="-17">Processing</name>
			<label kind="invariant" x="-9" y="8">y&lt;=2</label>
		</location>
		<location id="id4" x="-170" y="136">
			<committed/>
		</location>
		<location id="id5" x="34" y="-204">
			<committed/>
		</location>
		<location id="id6" x="-263" y="-110">
			<committed/>
		</location>
		<location id="id7" x="153" y="34">
			<committed/>
		</location>
		<location id="id8" x="-263" y="34">
			<committed/>
		</location>
		<location id="id9" x="34" y="136">
			<committed/>
		</location>
		<location id="id10" x="144" y="-110">
			<committed/>
		</location>
		<init ref="id0"/>
		<transition>
			<source ref="id0"/>
			<target ref="id1"/>
			<label kind="synchronisation" x="-161" y="-76">runMe1?</label>
			<label kind="assignment" x="-161" y="-59">y := 0</label>
		</transition>
		<transition>
			<source ref="id10"/>
			<target ref="id2"/>
			<nail x="144" y="-161"/>
		</transition>
		<transition>
			<source ref="id2"/>
			<target ref="id10"/>
			<label kind="synchronisation" x="59" y="-102">runMe1?</label>
		</transition>
		<transition>
			<source ref="id9"/>
			<target ref="id3"/>
			<nail x="-42" y="136"/>
		</transition>
		<transition>
			<source ref="id3"/>
			<target ref="id9"/>
			<label kind="synchronisation" x="42" y="93">runMe1?</label>
		</transition>
		<transition>
			<source ref="id8"/>
			<target ref="id1"/>
			<nail x="-263" y="102"/>
		</transition>
		<transition>
			<source ref="id1"/>
			<target ref="id8"/>
			<label kind="synchronisation" x="-246" y="8">runMe1?</label>
		</transition>
		<transition>
			<source ref="id7"/>
			<target ref="id3"/>
			<nail x="153" y="-25"/>
		</transition>
		<transition>
			<source ref="id3"/>
			<target ref="id7"/>
			<label kind="synchronisation" x="51" y="34">getData1?</label>
		</transition>
		<transition>
			<source ref="id4"/>
			<target ref="id1"/>
			<nail x="-170" y="85"/>
		</transition>
		<transition>
			<source ref="id1"/>
			<target ref="id4"/>
			<label kind="synchronisation" x="-153" y="153">getData1?</label>
			<nail x="-85" y="136"/>
		</transition>
		<transition>
			<source ref="id5"/>
			<target ref="id2"/>
			<nail x="34" y="-178"/>
		</transition>
		<transition>
			<source ref="id2"/>
			<target ref="id5"/>
			<label kind="synchronisation" x="-68" y="-229">getData1?</label>
			<nail x="-68" y="-204"/>
		</transition>
		<transition>
			<source ref="id6"/>
			<target ref="id0"/>
			<nail x="-170" y="-195"/>
		</transition>
		<transition>
			<source ref="id0"/>
			<target ref="id6"/>
			<label kind="synchronisation" x="-255" y="-102">getData1?</label>
			<nail x="-204" y="-110"/>
		</transition>
		<transition>
			<source ref="id2"/>
			<target ref="id0"/>
		</transition>
		<transition>
			<source ref="id3"/>
			<target ref="id2"/>
		</transition>
		<transition>
			<source ref="id1"/>
			<target ref="id3"/>
			<label kind="guard" x="-68" y="34">y&gt;=1</label>
			<label kind="assignment" x="-110" y="34">y:=0</label>
		</transition>
	</template>
	<template>
		<name>SWC_D</name>
		<declaration>clock y;</declaration>
		<location id="id11" x="187" y="42">
			<committed/>
		</location>
		<location id="id12" x="51" y="42">
			<name x="-25" y="-8">Processing</name>
			<label kind="invariant" x="8" y="17">y&lt;=1</label>
		</location>
		<location id="id13" x="-153" y="136">
			<committed/>
		</location>
		<location id="id14" x="-153" y="43">
			<name x="-144" y="17">Triggered</name>
			<label kind="invariant" x="-144" y="-8">y&lt;=2</label>
		</location>
		<location id="id15" x="51" y="-102">
			<name x="-9" y="-85">Output</name>
			<committed/>
		</location>
		<location id="id16" x="-153" y="-101">
			<name x="-144" y="-127">Start</name>
		</location>
		<location id="id17" x="51" y="-212">
			<committed/>
		</location>
		<location id="id18" x="-153" y="-212">
			<committed/>
		</location>
		<location id="id19" x="-246" y="42">
			<committed/>
		</location>
		<location id="id20" x="51" y="127">
			<committed/>
		</location>
		<location id="id21" x="187" y="-102">
			<committed/>
		</location>
		<init ref="id16"/>
		<transition>
			<source ref="id16"/>
			<target ref="id14"/>
			<label kind="synchronisation" x="-221" y="-76">runMe2?</label>
			<label kind="assignment" x="-204" y="-59">y := 0</label>
		</transition>
		<transition>
			<source ref="id21"/>
			<target ref="id15"/>
			<nail x="187" y="-51"/>
		</transition>
		<transition>
			<source ref="id15"/>
			<target ref="id21"/>
			<label kind="synchronisation" x="110" y="-127">runMe2?</label>
		</transition>
		<transition>
			<source ref="id20"/>
			<target ref="id12"/>
			<nail x="144" y="127"/>
		</transition>
		<transition>
			<source ref="id12"/>
			<target ref="id20"/>
			<label kind="synchronisation" x="-17" y="85">runMe2?</label>
		</transition>
		<transition>
			<source ref="id19"/>
			<target ref="id14"/>
			<nail x="-246" y="-34"/>
		</transition>
		<transition>
			<source ref="id14"/>
			<target ref="id19"/>
			<label kind="synchronisation" x="-255" y="59">runMe2?</label>
		</transition>
		<transition>
			<source ref="id11"/>
			<target ref="id12"/>
			<nail x="187" y="-8"/>
		</transition>
		<transition>
			<source ref="id13"/>
			<target ref="id14"/>
			<nail x="-76" y="136"/>
		</transition>
		<transition>
			<source ref="id12"/>
			<target ref="id11"/>
			<label kind="synchronisation" x="110" y="59">getData2?</label>
		</transition>
		<transition>
			<source ref="id14"/>
			<target ref="id13"/>
			<label kind="synchronisation" x="-238" y="102">getData2?</label>
		</transition>
		<transition>
			<source ref="id17"/>
			<target ref="id15"/>
			<nail x="51" y="-153"/>
		</transition>
		<transition>
			<source ref="id15"/>
			<target ref="id17"/>
			<label kind="synchronisation" x="178" y="-195">getData2?</label>
			<nail x="178" y="-212"/>
		</transition>
		<transition>
			<source ref="id18"/>
			<target ref="id16"/>
			<nail x="-153" y="-161"/>
		</transition>
		<transition>
			<source ref="id16"/>
			<target ref="id18"/>
			<label kind="synchronisation" x="-306" y="-195">getData2?</label>
			<nail x="-246" y="-212"/>
		</transition>
		<transition>
			<source ref="id15"/>
			<target ref="id16"/>
		</transition>
		<transition>
			<source ref="id12"/>
			<target ref="id15"/>
		</transition>
		<transition>
			<source ref="id14"/>
			<target ref="id12"/>
			<label kind="guard" x="-68" y="42">y&gt;=2</label>
			<label kind="assignment" x="-68" y="59">y:=0</label>
		</transition>
	</template>
	<template>
		<name x="5" y="5">SWC_A</name>
		<declaration>// Place local declarations here.

clock x,y;
</declaration>
		<location id="id22" x="-263" y="-170">
			<name x="-273" y="-204">start</name>
			<label kind="invariant" x="-348" y="-195">x &lt;= 10</label>
		</location>
		<location id="id23" x="-263" y="17">
			<name x="-297" y="51">Triggered</name>
			<label kind="invariant" x="-273" y="34">y &lt;=2</label>
		</location>
		<location id="id24" x="-25" y="17">
			<name x="-59" y="51">Processing</name>
			<label kind="invariant" x="-8" y="9">y&lt;=3</label>
		</location>
		<location id="id25" x="-25" y="-170">
			<name x="-35" y="-204">output</name>
			<committed/>
		</location>
		<init ref="id22"/>
		<transition>
			<source ref="id25"/>
			<target ref="id22"/>
			<label kind="synchronisation" x="-170" y="-195">triggerTwo!</label>
		</transition>
		<transition>
			<source ref="id24"/>
			<target ref="id25"/>
			<label kind="synchronisation" x="-17" y="-85">getData1!</label>
		</transition>
		<transition>
			<source ref="id23"/>
			<target ref="id24"/>
			<label kind="guard" x="-178" y="-8">y &gt;=2</label>
			<label kind="assignment" x="-170" y="25">y:=0</label>
		</transition>
		<transition>
			<source ref="id22"/>
			<target ref="id23"/>
			<label kind="guard" x="-331" y="-119">x == 10</label>
			<label kind="assignment" x="-357" y="-102">y:=0 , x:=0</label>
		</transition>
	</template>
	<template>
		<name>SWC_B</name>
		<declaration>clock x,y;</declaration>
		<location id="id26" x="-238" y="-178">
			<name x="-264" y="-212">Start</name>
			<label kind="invariant" x="-306" y="-186">x&lt;=10</label>
		</location>
		<location id="id27" x="-238" y="25">
			<name x="-272" y="42">Triggered</name>
			<label kind="invariant" x="-297" y="17">y&lt;=2</label>
		</location>
		<location id="id28" x="8" y="25">
			<name x="-17" y="50">Processing</name>
			<label kind="invariant" x="33" y="17">y&lt;=1</label>
		</location>
		<location id="id29" x="8" y="-178">
			<name x="-2" y="-212">Output</name>
			<committed/>
		</location>
		<init ref="id26"/>
		<transition>
			<source ref="id29"/>
			<target ref="id26"/>
			<label kind="synchronisation" x="-161" y="-204">triggerOne!</label>
		</transition>
		<transition>
			<source ref="id28"/>
			<target ref="id29"/>
			<label kind="synchronisation" x="17" y="-85">getData2!</label>
		</transition>
		<transition>
			<source ref="id27"/>
			<target ref="id28"/>
			<label kind="guard" x="-136" y="0">y&gt;=2</label>
			<label kind="assignment" x="-136" y="25">y:=0</label>
		</transition>
		<transition>
			<source ref="id26"/>
			<target ref="id27"/>
			<label kind="guard" x="-306" y="-127">x == 10</label>
			<label kind="assignment" x="-331" y="-110">y:=0 , x:=0</label>
		</transition>
	</template>
	<template>
		<name>OR</name>
		<declaration>clock t1, t2;</declaration>
		<location id="id30" x="-841" y="-416">
			<name x="-851" y="-450">Start</name>
		</location>
		<location id="id31" x="-629" y="-450">
			<committed/>
		</location>
		<location id="id32" x="-510" y="-450">
			<committed/>
		</location>
		<location id="id33" x="-510" y="-586">
			<committed/>
		</location>
		<location id="id34" x="-629" y="-382">
			<committed/>
		</location>
		<location id="id35" x="-510" y="-382">
			<committed/>
		</location>
		<location id="id36" x="-510" y="-238">
			<committed/>
		</location>
		<init ref="id30"/>
		<transition>
			<source ref="id36"/>
			<target ref="id30"/>
			<nail x="-918" y="-238"/>
			<nail x="-918" y="-416"/>
		</transition>
		<transition>
			<source ref="id35"/>
			<target ref="id36"/>
			<label kind="synchronisation" x="-501" y="-323">runMe2!</label>
		</transition>
		<transition>
			<source ref="id34"/>
			<target ref="id35"/>
			<label kind="guard" x="-595" y="-374">t1 &lt;= 13</label>
			<label kind="synchronisation" x="-595" y="-399">runMe1!</label>
		</transition>
		<transition>
			<source ref="id30"/>
			<target ref="id34"/>
			<label kind="synchronisation" x="-782" y="-416">triggerTwo?</label>
			<label kind="assignment" x="-773" y="-391">t2 := 0</label>
			<nail x="-773" y="-357"/>
		</transition>
		<transition>
			<source ref="id30"/>
			<target ref="id31"/>
			<label kind="synchronisation" x="-799" y="-518">triggerOne?</label>
			<label kind="assignment" x="-782" y="-501">t1 := 0</label>
			<nail x="-765" y="-484"/>
		</transition>
		<transition>
			<source ref="id33"/>
			<target ref="id30"/>
			<nail x="-918" y="-586"/>
			<nail x="-918" y="-416"/>
		</transition>
		<transition>
			<source ref="id32"/>
			<target ref="id33"/>
			<label kind="synchronisation" x="-501" y="-543">runMe2!</label>
		</transition>
		<transition>
			<source ref="id31"/>
			<target ref="id32"/>
			<label kind="guard" x="-595" y="-442">t2 &lt;= 13</label>
			<label kind="synchronisation" x="-595" y="-467">runMe1!</label>
		</transition>
	</template>
	<system>// Place template instantiations here.
A = SWC_A();
B = SWC_B();
C = SWC_C();
D = SWC_D();
tc = OR();
// List one or more processes to be composed into a system.
system 
        A, B, C, D, tc;
    </system>
	<queries>
		<query>
			<formula>A[] not deadlock</formula>
			<comment></comment>
		</query>
	</queries>
</nta>
